Username,Mode,grade,hints_used,attempts_used,is_word_guessed
Qais,Easy,90.0,1,0,True
Ayah,Easy,90.0,1,0,True
Said,Medium,80.0,2,0,True
Hadi,Hard,80.0,1,1,True
Qais,Easy,82.5,1,3,True
Ali,Medium,90.0,1,0,True
Lebron,Hard,0.0,3,3,False
Said,Easy,90.0,1,0,True
Said,Hard,10.0,2,3,False
Said,Medium,75.0,2,1,True
Qais,Medium,90.0,1,0,True
Qais,Hard,80.0,2,0,True
Ayah,Medium,72.5,2,1,True
Ayah,Hard,45.0,3,3,False
Ali,Easy,85.0,1,2,True
Ali,Hard,60.0,2,2,True
Hadi,Easy,95.0,0,1,True
Hadi,Medium,40.0,3,4,False
Lebron,Easy,65.0,2,4,True
Lebron,Medium,30.0,3,4,False
Hadi,Easy,80.0,2,0,True
Ayah,Easy,90.0,1,0,True
